series,condition,metric,estimate,ci_low,ci_high
main,nats-always:1,publish_mps,683.3145995935319,671.3859126794295,693.2424225843969
main,nats-always:1,publish_ms.p50,23.0910902,22.760799422500003,23.497386482499998
main,nats-always:1,publish_ms.p95,26.925234,26.417038159999997,27.489932050000004
main,nats-always:1,publish_ms.p99,45.0227658,44.09307481,45.9123787
main,nats-always:1,drain_mps,2241.1411568671183,2206.756123360282,2270.8250263419563
main,nats-always:1,cycle_ms.mean,0.4442006905334467,0.43819818681533806,0.4511669548161311
main,nats-always:1,cycle_ms.p50,0.44251589999999996,0.43689781999999994,0.44912089999999993
main,nats-always:1,cycle_ms.p95,0.5287758,0.5249338925,0.5328439624999999
main,nats-always:1,cycle_ms.p99,0.6359394,0.6282973675,0.6438120325
main,nats-always:1,ack_ms.p99,0.30942970000000003,0.30411406250000006,0.31499243250000003
main,nats-always:1,drain_delivery_ms.p99,7244.9846622,7148.581575367501,7355.6619459125
main,nats-always:16,publish_mps,689.294021882485,679.0936702469319,698.5875745808695
main,nats-always:16,publish_ms.p50,22.888633399999996,22.602440772500003,23.20710588
main,nats-always:16,publish_ms.p95,26.7092332,26.2557978075,27.21958545
main,nats-always:16,publish_ms.p99,45.445366899999996,44.6891203625,46.10764878249999
main,nats-always:16,drain_mps,27430.703636965936,27043.147236973247,27830.276006320706
main,nats-always:16,cycle_ms.mean,0.5818983522155768,0.5734182975523392,0.5902249774273686
main,nats-always:16,cycle_ms.p50,0.5184323000000001,0.512040575,0.5244788899999999
main,nats-always:16,cycle_ms.p95,0.9570667,0.9350800825000001,0.9788359475
main,nats-always:16,cycle_ms.p99,1.5406197000000001,1.4640434750000002,1.6190865225000002
main,nats-always:16,ack_ms.p99,0.8098473,0.7796133524999999,0.838070915
main,nats-always:16,drain_delivery_ms.p99,591.9040307000001,583.342889105,600.2173418450001
main,nats-always:2,publish_mps,628.6398065877527,549.0348596078904,687.6820912915374
main,nats-always:2,publish_ms.p50,23.0589654,22.7226976,23.472265097500003
main,nats-always:2,publish_ms.p95,60.3129608,26.6644002,110.58309039999999
main,nats-always:2,publish_ms.p99,92.82779409999999,44.792222125,161.51298898999997
main,nats-always:2,drain_mps,5337.80746137725,5145.145172643061,5613.954716414999
main,nats-always:2,cycle_ms.mean,0.3747840390319826,0.3576513860351561,0.3875172804574591
main,nats-always:2,cycle_ms.p50,0.3621591,0.343197815,0.37529250500000005
main,nats-always:2,cycle_ms.p95,0.47344410000000003,0.45924149750000004,0.48747885250000006
main,nats-always:2,cycle_ms.p99,0.631053,0.6063398249999999,0.66194547
main,nats-always:2,ack_ms.p99,0.30613520000000005,0.29635849000000003,0.31904095749999994
main,nats-always:2,drain_delivery_ms.p99,3051.8668227,2912.2892313225,3155.3359332025
main,nats-always:4,publish_mps,682.9196890648587,672.7139758982283,692.7974320516028
main,nats-always:4,publish_ms.p50,23.044680300000003,22.754502297500004,23.3491479175
main,nats-always:4,publish_ms.p95,27.2092096,26.4735904,28.17096291
main,nats-always:4,publish_ms.p99,44.6954786,44.1449187,45.37597892
main,nats-always:4,drain_mps,11497.170690397861,11203.694118690177,11787.999289043284
main,nats-always:4,cycle_ms.mean,0.34735903609008706,0.33863436906021005,0.3563563958502185
main,nats-always:4,cycle_ms.p50,0.32252089999999994,0.317217635,0.3274845325000001
main,nats-always:4,cycle_ms.p95,0.47851429999999995,0.4679035975,0.48959540999999995
main,nats-always:4,cycle_ms.p99,0.727697,0.631803745,0.8799714075
main,nats-always:4,ack_ms.p99,0.3473079,0.32046848499999997,0.3838306
main,nats-always:4,drain_delivery_ms.p99,1413.678152,1378.2697347825,1450.2387638
main,nats-always:8,publish_mps,691.8074056718862,683.9892663610283,698.5450030844021
main,nats-always:8,publish_ms.p50,22.6679436,22.4819631,22.93045311
main,nats-always:8,publish_ms.p95,26.4568669,26.2129491275,26.710999592500002
main,nats-always:8,publish_ms.p99,45.076385699999996,44.2199597775,45.9917890125
main,nats-always:8,drain_mps,19658.736161375033,19485.02266347793,19807.551784542713
main,nats-always:8,cycle_ms.mean,0.4057274401123047,0.4026354620002757,0.40939692951553325
main,nats-always:8,cycle_ms.p50,0.37843899999999997,0.37627883,0.3814200225
main,nats-always:8,cycle_ms.p95,0.5609316,0.5503353099999999,0.572166315
main,nats-always:8,cycle_ms.p99,0.8504996,0.80830793,0.8936201350000001
main,nats-always:8,ack_ms.p99,0.43364959999999997,0.4151938,0.453483495
main,nats-always:8,drain_delivery_ms.p99,824.451691,818.0095737425,831.7289325524999
main,nats-memory:1,publish_mps,55502.72002321713,54278.41410148172,56611.50709250651
main,nats-memory:1,publish_ms.p50,0.24651979999999996,0.2442035175,0.24900582250000003
main,nats-memory:1,publish_ms.p95,0.5442073,0.5186623975,0.5732115925
main,nats-memory:1,publish_ms.p99,1.0374687,0.992292385,1.0961239999999999
main,nats-memory:1,drain_mps,2301.686379196278,2256.9627793051527,2336.315629934776
main,nats-memory:1,cycle_ms.mean,0.4326568662963871,0.4258962805541987,0.4414661481301893
main,nats-memory:1,cycle_ms.p50,0.4342899,0.42867723750000003,0.44212156249999995
main,nats-memory:1,cycle_ms.p95,0.5256551,0.5204836675,0.531701105
main,nats-memory:1,cycle_ms.p99,0.6526616000000001,0.6327225025,0.6775855
main,nats-memory:1,ack_ms.p99,0.3116957,0.30341565749999994,0.32110776499999993
main,nats-memory:1,drain_delivery_ms.p99,7052.189877,6940.7740505500005,7196.18547683
main,nats-memory:16,publish_mps,55301.532362817714,54326.75760428711,56180.53559722754
main,nats-memory:16,publish_ms.p50,0.24705080000000001,0.2444980525,0.24958261499999998
main,nats-memory:16,publish_ms.p95,0.5553925,0.53233089,0.580786995
main,nats-memory:16,publish_ms.p99,1.0429340999999999,1.0142042274999998,1.0729191999999999
main,nats-memory:16,drain_mps,29793.710575762485,29428.514028831603,30116.63814967082
main,nats-memory:16,cycle_ms.mean,0.5358638486999512,0.5299571140327454,0.5426102992758177
main,nats-memory:16,cycle_ms.p50,0.4923741,0.48802014499999996,0.497149115
main,nats-memory:16,cycle_ms.p95,0.8360679,0.818316345,0.85663216
main,nats-memory:16,cycle_ms.p99,1.3100808,1.2601214775,1.360445435
main,nats-memory:16,ack_ms.p99,0.7101809,0.68834871,0.7332316625000002
main,nats-memory:16,drain_delivery_ms.p99,544.2813439000001,538.340639625,551.0374567824999
main,nats-memory:2,publish_mps,55895.858101316066,55269.51955599444,56544.04537795135
main,nats-memory:2,publish_ms.p50,0.2463314,0.24461650499999996,0.24778149999999996
main,nats-memory:2,publish_ms.p95,0.5280142,0.5092671974999999,0.5473207975000001
main,nats-memory:2,publish_ms.p99,1.0381858,0.9865975725,1.0879339375
main,nats-memory:2,drain_mps,5457.337647444231,5254.109454373258,5736.587627003146
main,nats-memory:2,cycle_ms.mean,0.3666980616027828,0.35044373904373083,0.37948595479614167
main,nats-memory:2,cycle_ms.p50,0.35294829999999994,0.33529007250000004,0.36700821999999994
main,nats-memory:2,cycle_ms.p95,0.4647298,0.45018165250000003,0.47569848750000004
main,nats-memory:2,cycle_ms.p99,0.6325082,0.6019579275,0.6684450724999998
main,nats-memory:2,ack_ms.p99,0.2997447,0.29179659500000005,0.30583227249999995
main,nats-memory:2,drain_delivery_ms.p99,2986.5878771,2853.2409088025,3091.3902763225
main,nats-memory:4,publish_mps,56122.937298993485,55234.86323347452,56805.38606961912
main,nats-memory:4,publish_ms.p50,0.2461003,0.24383772,0.24910781
main,nats-memory:4,publish_ms.p95,0.5177077000000001,0.5021820925,0.5338760174999999
main,nats-memory:4,publish_ms.p99,0.994896,0.9576506799999998,1.0308752399999999
main,nats-memory:4,drain_mps,11691.624021843369,11519.177577670825,11895.585576027992
main,nats-memory:4,cycle_ms.mean,0.3412341775268552,0.3354664037432859,0.3462191357353211
main,nats-memory:4,cycle_ms.p50,0.3185396,0.3141094525,0.3228344
main,nats-memory:4,cycle_ms.p95,0.4673617,0.4582077625,0.4763506575
main,nats-memory:4,cycle_ms.p99,0.6666508,0.6498793875000001,0.6932313075000002
main,nats-memory:4,ack_ms.p99,0.32978640000000004,0.31932088499999994,0.3448438325
main,nats-memory:4,drain_delivery_ms.p99,1388.0801298000001,1364.5613535575,1408.411124325
main,nats-memory:8,publish_mps,56025.806292892994,55020.98846687492,57112.644060487284
main,nats-memory:8,publish_ms.p50,0.24567719999999998,0.2427811975,0.24842650250000003
main,nats-memory:8,publish_ms.p95,0.5252686000000001,0.5003826600000001,0.5483756025
main,nats-memory:8,publish_ms.p99,1.0248829000000002,0.98298946,1.064910005
main,nats-memory:8,drain_mps,20324.20487421439,20045.265868317798,20614.368414988687
main,nats-memory:8,cycle_ms.mean,0.3926322546264646,0.3870607914462284,0.39808622830306983
main,nats-memory:8,cycle_ms.p50,0.3685113,0.363915985,0.37292815
main,nats-memory:8,cycle_ms.p95,0.5430864,0.5325167625,0.5533027199999999
main,nats-memory:8,cycle_ms.p99,0.8505627,0.8125188300000001,0.8933944249999999
main,nats-memory:8,ack_ms.p99,0.43838679999999997,0.42146951,0.4579493150000001
main,nats-memory:8,drain_delivery_ms.p99,798.3740956,786.8669733050001,809.58020341
main,nats-periodic:1,publish_mps,48190.739275807995,45899.92992206188,49760.20412327244
main,nats-periodic:1,publish_ms.p50,0.2863612,0.2809487,0.29438967
main,nats-periodic:1,publish_ms.p95,0.6254708,0.5743246625,0.7076205725000001
main,nats-periodic:1,publish_ms.p99,1.0836909,0.9663144174999998,1.2699497324999998
main,nats-periodic:1,drain_mps,2267.576822165587,2240.5659037887212,2291.2725729124836
main,nats-periodic:1,cycle_ms.mean,0.43893912884521435,0.4342907332218921,0.44427940042358427
main,nats-periodic:1,cycle_ms.p50,0.4376006,0.43305144749999996,0.44343281249999994
main,nats-periodic:1,cycle_ms.p95,0.5256426000000001,0.5231496800000001,0.5283626050000001
main,nats-periodic:1,cycle_ms.p99,0.6356136999999998,0.626926835,0.6459957900000001
main,nats-periodic:1,ack_ms.p99,0.30648620000000004,0.3026873775000001,0.31040361
main,nats-periodic:1,drain_delivery_ms.p99,7155.0368703,7079.68349541,7241.242254485001
main,nats-periodic:16,publish_mps,48574.329092968364,46155.66420872474,50373.67561790846
main,nats-periodic:16,publish_ms.p50,0.28487880000000004,0.278166065,0.2931714325
main,nats-periodic:16,publish_ms.p95,0.6074609,0.562472585,0.6723714525
main,nats-periodic:16,publish_ms.p99,1.0644177,0.9316740875,1.2669300149999998
main,nats-periodic:16,drain_mps,28031.067726551097,26890.52370162457,28966.78850445863
main,nats-periodic:16,cycle_ms.mean,0.5716847593017581,0.5511923170065315,0.5973811677076717
main,nats-periodic:16,cycle_ms.p50,0.5047846,0.49406429999999996,0.5176672775
main,nats-periodic:16,cycle_ms.p95,0.9102314,0.8655670350000001,0.9639486750000001
main,nats-periodic:16,cycle_ms.p99,1.5203789999999997,1.392217695,1.71390804
main,nats-periodic:16,ack_ms.p99,0.7761433,0.7191962875,0.85623591
main,nats-periodic:16,drain_delivery_ms.p99,580.5683801,559.3552391049999,606.8225434850001
main,nats-periodic:2,publish_mps,47599.04941895184,45403.4463552233,49222.719105070435
main,nats-periodic:2,publish_ms.p50,0.28986199999999995,0.28377100000000005,0.2967617925
main,nats-periodic:2,publish_ms.p95,0.6167149,0.5757729924999999,0.6798815175
main,nats-periodic:2,publish_ms.p99,1.0711312000000002,0.95522123,1.2459008125
main,nats-periodic:2,drain_mps,5504.594274514917,5204.381042924897,5838.589770845374
main,nats-periodic:2,cycle_ms.mean,0.364616989331055,0.3440861509277345,0.3830602900225837
main,nats-periodic:2,cycle_ms.p50,0.34775,0.32365737250000004,0.36909464999999997
main,nats-periodic:2,cycle_ms.p95,0.463549,0.4460231,0.4822350999999999
main,nats-periodic:2,cycle_ms.p99,0.6272643,0.5944886974999999,0.6681226025
main,nats-periodic:2,ack_ms.p99,0.3005147,0.2860604375,0.319015315
main,nats-periodic:2,drain_delivery_ms.p99,2970.7736122,2802.9532096175,3121.1301355375
main,nats-periodic:4,publish_mps,49454.49870124817,48365.16824068642,50414.52631002262
main,nats-periodic:4,publish_ms.p50,0.2810189,0.2763703725,0.2865898050000001
main,nats-periodic:4,publish_ms.p95,0.5739119,0.5551941774999999,0.596116315
main,nats-periodic:4,publish_ms.p99,0.9961230000000001,0.945982115,1.0596405275000003
main,nats-periodic:4,drain_mps,11430.030265768659,11226.694042780744,11651.685196644006
main,nats-periodic:4,cycle_ms.mean,0.3491354044982911,0.34251233393753083,0.35528162302337624
main,nats-periodic:4,cycle_ms.p50,0.3214694,0.31645001749999996,0.32603911750000003
main,nats-periodic:4,cycle_ms.p95,0.4763173,0.463944725,0.4891570275
main,nats-periodic:4,cycle_ms.p99,0.664097,0.637378495,0.6951370374999999
main,nats-periodic:4,ack_ms.p99,0.3321467,0.31685631000000003,0.3492788475
main,nats-periodic:4,drain_delivery_ms.p99,1421.1124531,1393.717394595,1446.6060497925
main,nats-periodic:8,publish_mps,48266.963810385125,47326.79720257662,49131.281463046216
main,nats-periodic:8,publish_ms.p50,0.2870651,0.283020855,0.291408725
main,nats-periodic:8,publish_ms.p95,0.599501,0.5815003124999999,0.6203299500000001
main,nats-periodic:8,publish_ms.p99,1.0030642999999997,0.9568035850000003,1.05430309
main,nats-periodic:8,drain_mps,19549.038021009965,19275.563035432424,19796.313604344887
main,nats-periodic:8,cycle_ms.mean,0.4082229096252445,0.40301575891632135,0.41405393876953156
main,nats-periodic:8,cycle_ms.p50,0.3709169,0.3687607,0.37330387249999997
main,nats-periodic:8,cycle_ms.p95,0.5515937999999999,0.54290132,0.5604494525000001
main,nats-periodic:8,cycle_ms.p99,0.8574668000000001,0.8213451175,0.9074539749999999
main,nats-periodic:8,ack_ms.p99,0.4294301,0.41124089750000004,0.45067714249999996
main,nats-periodic:8,drain_delivery_ms.p99,829.5979251000001,818.7180206475,841.6571910524999
main,redis-always:1,publish_mps,4973.709165018614,4850.636479787835,5096.703614475998
main,redis-always:1,publish_ms.p50,3.1101425,3.0640583550000002,3.1532199575
main,redis-always:1,publish_ms.p95,3.9230513,3.5490986925000003,4.415456799999999
main,redis-always:1,publish_ms.p99,5.5522253,5.0417207,6.1205365125
main,redis-always:1,drain_mps,291.817260511057,288.0517818552067,295.49743607259234
main,redis-always:1,cycle_ms.mean,3.425639478521732,3.382421901331636,3.47049022571442
main,redis-always:1,cycle_ms.p50,3.3215461,3.2829973650000004,3.3640350150000002
main,redis-always:1,cycle_ms.p95,3.8247191000000003,3.76572952,3.8822372
main,redis-always:1,cycle_ms.p99,5.9420474,5.8470181525,6.043805
main,redis-always:1,ack_ms.p99,2.9455406,2.8959367499999997,3.0056836024999996
main,redis-always:1,drain_delivery_ms.p99,55604.9090493,54894.97653698499,56343.006595145
main,redis-always:16,publish_mps,4225.905000378878,3100.3508844102503,5022.617348717363
main,redis-always:16,publish_ms.p50,4.7497543,3.10276372,7.965812367500001
main,redis-always:16,publish_ms.p95,11.530680999999998,3.6509667975,22.76224062
main,redis-always:16,publish_ms.p99,15.6608656,5.308209300000001,30.286509599999995
main,redis-always:16,drain_mps,2508.12892316003,2468.4804629412106,2549.325210837245
main,redis-always:16,cycle_ms.mean,6.378058563244633,6.273736078130353,6.479054658822029
main,redis-always:16,cycle_ms.p50,6.2140515,6.1214695375,6.310009415000001
main,redis-always:16,cycle_ms.p95,6.9048,6.794134700000001,7.0180833675
main,redis-always:16,cycle_ms.p99,10.3108003,9.5392011625,10.968094104999999
main,redis-always:16,ack_ms.p99,5.192476299999999,4.911776797499999,5.446274215
main,redis-always:16,drain_delivery_ms.p99,6469.7013078,6363.9310502625,6572.091445064999
main,redis-always:2,publish_mps,5057.072390781957,4957.548877575021,5144.7322786340255
main,redis-always:2,publish_ms.p50,3.0996113999999997,3.0387573249999997,3.1664512999999994
main,redis-always:2,publish_ms.p95,3.5502027,3.4617263525,3.6504119600000005
main,redis-always:2,publish_ms.p99,4.9919615,4.4835872000000005,5.522740997500001
main,redis-always:2,drain_mps,340.0192358873454,334.40121670421365,345.1524428040982
main,redis-always:2,cycle_ms.mean,5.883209142730726,5.793502886415415,5.982169592040118
main,redis-always:2,cycle_ms.p50,5.7105766000000004,5.625086675,5.8057191475
main,redis-always:2,cycle_ms.p95,6.3362699,6.208607747499999,6.47449046
main,redis-always:2,cycle_ms.p99,10.9152168,10.7177860075,11.144388974999998
main,redis-always:2,ack_ms.p99,5.413349500000001,5.29989647,5.542795554999999
main,redis-always:2,drain_delivery_ms.p99,47736.5021918,47012.4721950025,48529.82756342999
main,redis-always:4,publish_mps,5056.400709944439,4948.445703226359,5155.519289246706
main,redis-always:4,publish_ms.p50,3.0816113,3.0337833624999995,3.1317712325000002
main,redis-always:4,publish_ms.p95,3.7541776,3.4884276950000004,4.1863319825
main,redis-always:4,publish_ms.p99,5.7933988,5.111242800000001,6.453912064999998
main,redis-always:4,drain_mps,669.7336017300247,660.6267533776065,678.7341499438082
main,redis-always:4,cycle_ms.mean,5.9724274460144,5.892257989238439,6.053572216242674
main,redis-always:4,cycle_ms.p50,5.7632893,5.6958753474999995,5.83493659
main,redis-always:4,cycle_ms.p95,6.4114301,6.288731197500001,6.5591089275
main,redis-always:4,cycle_ms.p99,11.2909384,10.614369202500002,11.959748574999999
main,redis-always:4,ack_ms.p99,5.5871142,5.2470764050000005,5.941292332499999
main,redis-always:4,drain_delivery_ms.p99,24240.6713978,23912.543228500002,24572.8962066325
main,redis-always:8,publish_mps,5065.9983140794375,5002.910587700697,5125.570108995295
main,redis-always:8,publish_ms.p50,3.0814969999999997,3.04941376,3.11775214
main,redis-always:8,publish_ms.p95,3.5338746,3.4869520075,3.5907461024999994
main,redis-always:8,publish_ms.p99,5.361719500000001,4.873594477499999,5.836518354999999
main,redis-always:8,drain_mps,1310.9056943061098,1296.4156420638603,1326.262660581733
main,redis-always:8,cycle_ms.mean,6.101085976281734,6.030332405691826,6.168251097482767
main,redis-always:8,cycle_ms.p50,5.9109837999999995,5.844650097500001,5.97898618
main,redis-always:8,cycle_ms.p95,6.5826929000000005,6.479766822499999,6.700421534999999
main,redis-always:8,cycle_ms.p99,11.3952415,10.724124024999998,12.185785717499998
main,redis-always:8,ack_ms.p99,5.6931034,5.315136334999999,6.1239450725
main,redis-always:8,drain_delivery_ms.p99,12379.971099400002,12235.948139537499,12517.13423002
main,redis-memory:1,publish_mps,66851.64761665344,64906.84582860137,68485.05856363899
main,redis-memory:1,publish_ms.p50,0.21113180000000004,0.2078433,0.21505196000000001
main,redis-memory:1,publish_ms.p95,0.43758759999999997,0.41402675000000005,0.4638320724999999
main,redis-memory:1,publish_ms.p99,0.6618877,0.6389824224999999,0.6912309375
main,redis-memory:1,drain_mps,2889.6660462134246,2742.9358791173167,3008.769659799932
main,redis-memory:1,cycle_ms.mean,0.3461445379455569,0.3304694720759585,0.3661630144267287
main,redis-memory:1,cycle_ms.p50,0.3477269,0.3329505925,0.36787009000000004
main,redis-memory:1,cycle_ms.p95,0.4224297999999999,0.40984608750000007,0.4379495775
main,redis-memory:1,cycle_ms.p99,0.5429298,0.5140759799999999,0.5805479625000001
main,redis-memory:1,ack_ms.p99,0.25685839999999993,0.2422414,0.27655445
main,redis-memory:1,drain_delivery_ms.p99,5649.8752939999995,5396.4082985000005,5973.784299502499
main,redis-memory:16,publish_mps,68329.21978120191,66965.35298494961,69576.09272910908
main,redis-memory:16,publish_ms.p50,0.20741840000000003,0.2046037,0.210578325
main,redis-memory:16,publish_ms.p95,0.4158809,0.400023675,0.43354723
main,redis-memory:16,publish_ms.p99,0.6743544000000001,0.6455776875,0.7125652375
main,redis-memory:16,drain_mps,36372.00103675014,35939.45894928698,36826.57504079735
main,redis-memory:16,cycle_ms.mean,0.43885823032836974,0.4334248575628678,0.4440975357167052
main,redis-memory:16,cycle_ms.p50,0.4195888,0.416255945,0.42304903750000006
main,redis-memory:16,cycle_ms.p95,0.6175764,0.5913701000000001,0.645610745
main,redis-memory:16,cycle_ms.p99,0.8673426000000001,0.8337430825,0.9017185575
main,redis-memory:16,ack_ms.p99,0.46625459999999996,0.44017029999999996,0.4943775075
main,redis-memory:16,drain_delivery_ms.p99,445.7971974,440.35708652,451.0248173675
main,redis-memory:2,publish_mps,68416.17082887908,66838.14816890688,69705.52687719015
main,redis-memory:2,publish_ms.p50,0.20875830000000004,0.20581110000000002,0.212883195
main,redis-memory:2,publish_ms.p95,0.41862780000000005,0.40213286249999997,0.4347210475
main,redis-memory:2,publish_ms.p99,0.646757,0.6325453974999999,0.6625498074999999
main,redis-memory:2,drain_mps,6474.168783367089,6057.039042994778,6902.988897283516
main,redis-memory:2,cycle_ms.mean,0.3109252056213377,0.2912469836866759,0.33089100669372523
main,redis-memory:2,cycle_ms.p50,0.3024956,0.284058095,0.3182253025
main,redis-memory:2,cycle_ms.p95,0.40764849999999997,0.38829415250000004,0.42674752
main,redis-memory:2,cycle_ms.p99,0.5086697,0.48767305499999997,0.5307771749999999
main,redis-memory:2,ack_ms.p99,0.25157250000000003,0.24039049,0.2629128
main,redis-memory:2,drain_delivery_ms.p99,2532.2837105000003,2371.7989706199996,2695.9476722124996
main,redis-memory:4,publish_mps,66803.91696659694,64454.50650723426,68406.02498671217
main,redis-memory:4,publish_ms.p50,0.2098512,0.20688078749999997,0.2136711775
main,redis-memory:4,publish_ms.p95,0.44434830000000003,0.42028177499999997,0.4796563350000001
main,redis-memory:4,publish_ms.p99,0.6881248,0.6550904925000001,0.7252217
main,redis-memory:4,drain_mps,13210.574263138094,12822.987604326432,13643.522930111649
main,redis-memory:4,cycle_ms.mean,0.30243526307983404,0.2928524486314387,0.31115744638488785
main,redis-memory:4,cycle_ms.p50,0.2919078,0.28015038750000004,0.3025506275
main,redis-memory:4,cycle_ms.p95,0.4048338,0.38972600249999995,0.41997448749999994
main,redis-memory:4,cycle_ms.p99,0.5394393,0.5149167699999999,0.5666371325
main,redis-memory:4,ack_ms.p99,0.2771222,0.2634957725,0.2917329
main,redis-memory:4,drain_delivery_ms.p99,1231.1636334999998,1192.337183225,1266.297729555
main,redis-memory:8,publish_mps,67667.77569746537,64528.234678299625,70265.79097603363
main,redis-memory:8,publish_ms.p50,0.2110644,0.20451632500000003,0.2205037775
main,redis-memory:8,publish_ms.p95,0.4233745,0.39771961250000004,0.45105102750000003
main,redis-memory:8,publish_ms.p99,0.650186,0.6259664699999999,0.67578569
main,redis-memory:8,drain_mps,24419.36075435464,23977.423794857354,24826.22893812518
main,redis-memory:8,cycle_ms.mean,0.3268012940246586,0.3212992136544804,0.3328290782402034
main,redis-memory:8,cycle_ms.p50,0.3138832,0.31148976000000006,0.31634161000000005
main,redis-memory:8,cycle_ms.p95,0.4275289,0.41482867,0.4422385575
main,redis-memory:8,cycle_ms.p99,0.5656665000000001,0.5376939625,0.6003457600000001
main,redis-memory:8,ack_ms.p99,0.2896813,0.2740283725,0.3093666375
main,redis-memory:8,drain_delivery_ms.p99,664.3721981000001,653.320474415,676.2432909
main,redis-periodic:1,publish_mps,60254.7066523301,58736.75678441772,61648.04268442134
main,redis-periodic:1,publish_ms.p50,0.24707290000000004,0.24226345000000005,0.2524599225
main,redis-periodic:1,publish_ms.p95,0.4247993,0.40061573,0.4489822175
main,redis-periodic:1,publish_ms.p99,0.6369064,0.6147765525000001,0.6604733750000001
main,redis-periodic:1,drain_mps,2661.1733566150065,2557.858392409753,2760.799325173326
main,redis-periodic:1,cycle_ms.mean,0.37503444487914983,0.3606058746421809,0.39004850655105533
main,redis-periodic:1,cycle_ms.p50,0.3759341,0.36086156,0.39123442250000007
main,redis-periodic:1,cycle_ms.p95,0.4447653,0.43307130750000006,0.457133285
main,redis-periodic:1,cycle_ms.p99,0.5650036,0.5507072150000001,0.5813546624999999
main,redis-periodic:1,ack_ms.p99,0.2639167,0.255340775,0.2726259124999999
main,redis-periodic:1,drain_delivery_ms.p99,6116.8692745,5881.5627493950005,6361.1061767775
main,redis-periodic:16,publish_mps,56259.49586826448,51275.241272687366,59456.88980101219
main,redis-periodic:16,publish_ms.p50,0.25660659999999996,0.25021314250000004,0.26597408250000004
main,redis-periodic:16,publish_ms.p95,0.48804379999999997,0.4337855375,0.5678752125000001
main,redis-periodic:16,publish_ms.p99,0.9579555,0.6424152275000002,1.5673137225
main,redis-periodic:16,drain_mps,29315.15996380967,27732.759042757258,30503.25948881615
main,redis-periodic:16,cycle_ms.mean,0.548447437109376,0.523453505614472,0.5829427918061838
main,redis-periodic:16,cycle_ms.p50,0.5138054000000001,0.5054504974999999,0.52403081
main,redis-periodic:16,cycle_ms.p95,0.8014005,0.7336852599999999,0.8843660600000001
main,redis-periodic:16,cycle_ms.p99,1.334126,0.9648235225000001,1.9505771800000002
main,redis-periodic:16,ack_ms.p99,0.7829719,0.5409547349999999,1.2064805675
main,redis-periodic:16,drain_delivery_ms.p99,557.5971036000001,531.8892222775,593.0994997524998
main,redis-periodic:2,publish_mps,58204.579842347695,57196.70659459572,59163.947714867805
main,redis-periodic:2,publish_ms.p50,0.252888,0.24954858999999996,0.2568231825
main,redis-periodic:2,publish_ms.p95,0.4553255000000001,0.4437197825,0.4673168749999999
main,redis-periodic:2,publish_ms.p99,0.6683201999999999,0.6503597575000001,0.6864726675
main,redis-periodic:2,drain_mps,6340.983137730472,5813.983012777523,6897.319148426984
main,redis-periodic:2,cycle_ms.mean,0.3197791994323729,0.2930493039666753,0.3458785784860227
main,redis-periodic:2,cycle_ms.p50,0.3090977,0.2813870825,0.33606885000000003
main,redis-periodic:2,cycle_ms.p95,0.4109205,0.37959435,0.44078710499999996
main,redis-periodic:2,cycle_ms.p99,0.5227495,0.4885790275,0.5561817075
main,redis-periodic:2,ack_ms.p99,0.2572259,0.2369958225,0.27665050999999996
main,redis-periodic:2,drain_delivery_ms.p99,2606.0495271000004,2389.22822282,2817.6683742875002
main,redis-periodic:4,publish_mps,56712.68883902839,54465.79099797524,58522.285942140814
main,redis-periodic:4,publish_ms.p50,0.25766100000000003,0.25191254,0.2634570375
main,redis-periodic:4,publish_ms.p95,0.4770571,0.450113685,0.5183176974999999
main,redis-periodic:4,publish_ms.p99,0.6953520000000001,0.6642003,0.7466064175
main,redis-periodic:4,drain_mps,12937.000741901435,12312.60489833454,13620.814513311028
main,redis-periodic:4,cycle_ms.mean,0.31014873908691465,0.2948391912124641,0.32527737323486394
main,redis-periodic:4,cycle_ms.p50,0.2960313,0.282546415,0.30676549499999994
main,redis-periodic:4,cycle_ms.p95,0.4161026,0.39611917750000003,0.432767115
main,redis-periodic:4,cycle_ms.p99,0.6399697,0.5267700850000001,0.83630986
main,redis-periodic:4,ack_ms.p99,0.29382329999999995,0.26923257750000007,0.3278940074999999
main,redis-periodic:4,drain_delivery_ms.p99,1261.7754433,1199.4475310875,1323.542625585
main,redis-periodic:8,publish_mps,58820.30009249819,56059.0904927506,60735.079559673104
main,redis-periodic:8,publish_ms.p50,0.250625,0.24584415250000005,0.256546045
main,redis-periodic:8,publish_ms.p95,0.45094130000000004,0.41605686250000007,0.5036938175
main,redis-periodic:8,publish_ms.p99,0.6742186,0.632348575,0.7316527150000001
main,redis-periodic:8,drain_mps,22282.687054171583,22019.48241051855,22553.523469451487
main,redis-periodic:8,cycle_ms.mean,0.35807354628295895,0.35376609898528977,0.3623281898439031
main,redis-periodic:8,cycle_ms.p50,0.3433837,0.33967289999999994,0.347051995
main,redis-periodic:8,cycle_ms.p95,0.4748754,0.4664048,0.4846419474999999
main,redis-periodic:8,cycle_ms.p99,0.6437141,0.614760025,0.67631255
main,redis-periodic:8,ack_ms.p99,0.3376858,0.32537667000000003,0.35111761250000006
main,redis-periodic:8,drain_delivery_ms.p99,728.0049606,719.57569772,736.051833195
durability,nats-always,publish_mps,374.8509528734612,193.64491561553947,563.6815125734656
durability,nats-always,publish_ms.p50,108.66433839999998,55.009888274999994,162.35661437000002
durability,nats-always,publish_ms.p95,554.1598847,72.52374376249999,1438.384670245
durability,nats-always,publish_ms.p99,579.5683876,91.36229017,1459.6468623699998
durability,nats-memory,publish_mps,60375.07309476331,58988.871047539884,61319.92740035123
durability,nats-memory,publish_ms.p50,0.2408334,0.23936280000000001,0.2426678225
durability,nats-memory,publish_ms.p95,0.41988709999999996,0.40526162749999994,0.4409940300000001
durability,nats-memory,publish_ms.p99,0.7042327,0.6781380349999999,0.742234125
durability,nats-periodic,publish_mps,49492.26204667591,48288.33307780005,50480.26987130184
durability,nats-periodic,publish_ms.p50,0.28113029999999994,0.27930765,0.282801465
durability,nats-periodic,publish_ms.p95,0.5599077,0.548936275,0.5704953
durability,nats-periodic,publish_ms.p99,0.8491538999999999,0.8317790975,0.8693375325
durability,redis-always,publish_mps,3028.2104110765335,1725.122349126556,4305.635274904047
durability,redis-always,publish_ms.p50,9.959188777777777,4.0745958416666666,16.789270602777776
durability,redis-always,publish_ms.p95,20.962308555555556,8.835655883333333,35.26683547222222
durability,redis-always,publish_ms.p99,29.00143544444444,11.614713547222223,50.92890545833332
durability,redis-memory,publish_mps,73904.46756827575,73601.90150712122,74191.20622109051
durability,redis-memory,publish_ms.p50,0.2037597,0.20316398249999998,0.20435003749999997
durability,redis-memory,publish_ms.p95,0.31598800000000005,0.31264125000000004,0.319350135
durability,redis-memory,publish_ms.p99,0.47439090000000006,0.46601013,0.48606115750000006
durability,redis-periodic,publish_mps,61377.589028044335,61078.70515273352,61673.838868839586
durability,redis-periodic,publish_ms.p50,0.24724210000000002,0.2457418,0.2489137
durability,redis-periodic,publish_ms.p95,0.3880447,0.383644895,0.3933797725
durability,redis-periodic,publish_ms.p99,0.557434,0.550655545,0.564865325
serial,nats-always,publish_mps,584.8265020747805,564.7914354833644,597.9715028178424
serial,nats-always,publish_ms.p50,1.662218,1.64859215,1.6764412
serial,nats-always,publish_ms.p95,2.0184819999999997,1.858509695,2.3095938325000005
serial,nats-always,publish_ms.p99,2.755512,2.0634347675000004,3.8074741174999995
serial,nats-always,drain_mps,2221.1636676121025,2137.394731761914,2328.0081913910435
serial,nats-always,cycle_ms.mean,0.4500741118164062,0.4306828906103514,0.4662394702026367
serial,nats-always,cycle_ms.p50,0.44558149999999996,0.432622115,0.45657010749999993
serial,nats-always,cycle_ms.p95,0.5456365999999999,0.5315721525,0.5616284350000001
serial,nats-always,cycle_ms.p99,0.7319966,0.6450418650000002,0.8685674099999999
serial,nats-always,ack_ms.p99,0.34429930000000003,0.306425315,0.4022180375
serial,nats-always,drain_delivery_ms.p99,458.3106602,438.368751475,474.82577855999995
serial,nats-memory,publish_mps,4736.833866068082,4479.76737998609,5070.665218463657
serial,nats-memory,publish_ms.p50,0.20551029999999998,0.18875227000000003,0.21811998
serial,nats-memory,publish_ms.p95,0.262518,0.25403033500000005,0.27117139999999995
serial,nats-memory,publish_ms.p99,0.32451169999999996,0.30427908749999993,0.3511398
serial,nats-memory,drain_mps,2237.805606534969,2156.123523402256,2362.7175347115726
serial,nats-memory,cycle_ms.mean,0.4470344497070311,0.42564707939453095,0.461744721799316
serial,nats-memory,cycle_ms.p50,0.44263050000000004,0.4198985575,0.45688974749999994
serial,nats-memory,cycle_ms.p95,0.5311703,0.5187376475,0.54308651
serial,nats-memory,cycle_ms.p99,0.6218477,0.5974434300000001,0.6494012050000001
serial,nats-memory,ack_ms.p99,0.3029295,0.29548552,0.31051913999999997
serial,nats-memory,drain_delivery_ms.p99,455.17152939999994,433.08946994,470.28518407000007
serial,nats-periodic,publish_mps,4911.538701119799,4457.734997738718,5425.784767482479
serial,nats-periodic,publish_ms.p50,0.2003155,0.17983834,0.21901299749999997
serial,nats-periodic,publish_ms.p95,0.25692339999999997,0.2324941125,0.2778117375
serial,nats-periodic,publish_ms.p99,0.3341552,0.30370486750000003,0.3622685275
serial,nats-periodic,drain_mps,2371.512598508059,2136.75898627373,2685.628638162174
serial,nats-periodic,cycle_ms.mean,0.4320566975585939,0.38875520226318333,0.4664007048999023
serial,nats-periodic,cycle_ms.p50,0.4277221000000001,0.381998715,0.462808815
serial,nats-periodic,cycle_ms.p95,0.4981039,0.4443059,0.5381189
serial,nats-periodic,cycle_ms.p99,0.6425703,0.5685464324999999,0.6916650099999999
serial,nats-periodic,ack_ms.p99,0.2904883,0.255659835,0.3199833875
serial,nats-periodic,drain_delivery_ms.p99,439.8307399,395.8573306275,474.936845045
serial,redis-always,publish_mps,602.7094612577732,591.2606087064513,613.5592962906264
serial,redis-always,publish_ms.p50,1.5921482,1.5775345,1.6070551575000003
serial,redis-always,publish_ms.p95,1.8816735999999998,1.8240832075,1.9581424174999997
serial,redis-always,publish_ms.p99,2.8466750999999997,2.3646894025,3.3400650399999994
serial,redis-always,drain_mps,300.00708004246235,295.1506792711585,304.58780163607133
serial,redis-always,cycle_ms.mean,3.3328038095703114,3.2816144156274394,3.3877900192089823
serial,redis-always,cycle_ms.p50,3.2304114,3.1791216149999997,3.2779310925
serial,redis-always,cycle_ms.p95,3.7486463999999997,3.5544364050000006,3.9828794899999997
serial,redis-always,cycle_ms.p99,5.5713062,4.8633773925,6.286940094999999
serial,redis-always,ack_ms.p99,2.7344687999999997,2.4103860999999998,3.061307905
serial,redis-always,drain_delivery_ms.p99,3377.4808404000005,3326.6923781474998,3432.3469726999997
serial,redis-memory,publish_mps,5946.839910326626,5385.563413974978,6724.070044496076
serial,redis-memory,publish_ms.p50,0.167459,0.1508265925,0.18207842750000003
serial,redis-memory,publish_ms.p95,0.20115310000000003,0.18095935750000003,0.21647
serial,redis-memory,publish_ms.p99,0.2403973,0.21749367249999998,0.2567147625000001
serial,redis-memory,drain_mps,2976.7734559115247,2919.1911620932174,3054.879475780128
serial,redis-memory,cycle_ms.mean,0.3343990469726564,0.32644117108398424,0.3404654317993165
serial,redis-memory,cycle_ms.p50,0.3303946,0.32285732,0.33580552750000003
serial,redis-memory,cycle_ms.p95,0.400664,0.38118581,0.41455594500000004
serial,redis-memory,cycle_ms.p99,0.4968565,0.46455885,0.5211425649999999
serial,redis-memory,ack_ms.p99,0.23325999999999997,0.21919815000000004,0.2454829275
serial,redis-memory,drain_delivery_ms.p99,341.049795,332.6553461975,347.4261099600001
serial,redis-periodic,publish_mps,5494.4380656917765,5076.829065823844,6107.238469608267
serial,redis-periodic,publish_ms.p50,0.1786211,0.162910905,0.19132768249999998
serial,redis-periodic,publish_ms.p95,0.2140258,0.1964960125,0.2261504325
serial,redis-periodic,publish_ms.p99,0.25713759999999997,0.23270318,0.27833443999999996
serial,redis-periodic,drain_mps,2791.753862000262,2566.415712188554,3129.954765940398
serial,redis-periodic,cycle_ms.mean,0.3640404975585937,0.33118123156250023,0.38927421602050766
serial,redis-periodic,cycle_ms.p50,0.36037949999999996,0.32657582500000004,0.38635883
serial,redis-periodic,cycle_ms.p95,0.428566,0.3869370325,0.4568587874999999
serial,redis-periodic,cycle_ms.p99,0.5407311000000001,0.4787479925,0.5965548374999999
serial,redis-periodic,ack_ms.p99,0.24754749999999998,0.221651245,0.2666945875
serial,redis-periodic,drain_delivery_ms.p99,371.06787549999996,337.4542374,396.7657086850001
